"gene","logFC","logCPM","F","PValue","FDR","significance","effect_size","regulation","cell_type","comparison","group1","group2","total_cells","group1_cells","group2_cells","genes_tested","analysis_date"
"Hspb1",-0.619904290524209,11.9011636949863,33.4544047246085,1.25973292654711e-08,2.97296970665118e-06,"Highly Significant","Medium","Downregulated","VSMC","With_vs_Naive","Withdrawal","Naive",510,241,269,236,2025-05-28
"Hspa8",-0.39245534231889,12.1396577151073,31.2351658255205,3.67609489527801e-08,4.33779197642805e-06,"Highly Significant","Small","Downregulated","VSMC","With_vs_Naive","Withdrawal","Naive",510,241,269,236,2025-05-28
"Hsp90ab1",-0.375354504539189,12.1449068077603,26.5985797946087,3.55378101645965e-07,2.79564106628159e-05,"Highly Significant","Small","Downregulated","VSMC","With_vs_Naive","Withdrawal","Naive",510,241,269,236,2025-05-28
"Gm42418",-0.3792155791938,14.8402770888979,24.4111941006366,1.04767136116279e-06,6.18126103086046e-05,"Highly Significant","Small","Downregulated","VSMC","With_vs_Naive","Withdrawal","Naive",510,241,269,236,2025-05-28
"Ndufa13",-0.397197917259831,11.2750365584097,22.1281597496051,3.26472622242149e-06,0.000154095077698294,"Highly Significant","Small","Downregulated","VSMC","With_vs_Naive","Withdrawal","Naive",510,241,269,236,2025-05-28
"Pcp4l1",-0.435553411836588,11.5413849061622,20.433309363348,7.63619169234395e-06,0.000300356873232195,"Highly Significant","Small","Downregulated","VSMC","With_vs_Naive","Withdrawal","Naive",510,241,269,236,2025-05-28
"Atp5b",-0.312820239299347,11.3524378956545,16.2000421027596,6.53762151456184e-05,0.00220411239633799,"Highly Significant","Small","Downregulated","VSMC","With_vs_Naive","Withdrawal","Naive",510,241,269,236,2025-05-28
"Cox6c",-0.289776996015304,11.8167328315729,15.8358643822176,7.87900444700038e-05,0.00232430631186511,"Highly Significant","Small","Downregulated","VSMC","With_vs_Naive","Withdrawal","Naive",510,241,269,236,2025-05-28
"Rap1a",-0.389199043760266,11.0626050594335,14.7988556048769,0.000134302352297202,0.00352170612690441,"Highly Significant","Small","Downregulated","VSMC","With_vs_Naive","Withdrawal","Naive",510,241,269,236,2025-05-28
"Atp5e",-0.29731575483818,11.0380297417673,13.5077793915968,0.00026197388861634,0.00618258377134563,"Highly Significant","Small","Downregulated","VSMC","With_vs_Naive","Withdrawal","Naive",510,241,269,236,2025-05-28
"Dynll1",-0.288257511532208,11.5073208291667,12.7233236148689,0.000394138161262924,0.00693589205064395,"Highly Significant","Small","Downregulated","VSMC","With_vs_Naive","Withdrawal","Naive",510,241,269,236,2025-05-28
"Chchd2",-0.258671520927218,11.7113258141545,12.5984615610124,0.000420692479291861,0.00693589205064395,"Highly Significant","Small","Downregulated","VSMC","With_vs_Naive","Withdrawal","Naive",510,241,269,236,2025-05-28
"Fxyd1",-0.361555722185194,11.0848630464133,12.512122514969,0.000440106931075263,0.00693589205064395,"Highly Significant","Small","Downregulated","VSMC","With_vs_Naive","Withdrawal","Naive",510,241,269,236,2025-05-28
"Hsp90aa1",-0.28044025148766,11.6397698173666,12.4773787523598,0.000448173279801779,0.00693589205064395,"Highly Significant","Small","Downregulated","VSMC","With_vs_Naive","Withdrawal","Naive",510,241,269,236,2025-05-28
"Actn4",-0.348780656260925,11.0129388703817,12.4505050422907,0.000454515022627482,0.00693589205064395,"Highly Significant","Small","Downregulated","VSMC","With_vs_Naive","Withdrawal","Naive",510,241,269,236,2025-05-28
"AY036118",-0.256109796767163,12.3814521643822,12.3855144800463,0.000470229969535183,0.00693589205064395,"Highly Significant","Small","Downregulated","VSMC","With_vs_Naive","Withdrawal","Naive",510,241,269,236,2025-05-28
"Rgs5",-0.637286530553375,12.4412132628424,11.5803305209236,0.00071899766586933,0.00998137936148011,"Highly Significant","Medium","Downregulated","VSMC","With_vs_Naive","Withdrawal","Naive",510,241,269,236,2025-05-28
"Myl6",-0.355209948326817,13.8757851052502,11.0534962523934,0.000947511831642961,0.0120502367566143,"Significant","Small","Downregulated","VSMC","With_vs_Naive","Withdrawal","Naive",510,241,269,236,2025-05-28
"Mfge8",-0.28712506953033,11.7993734903276,11.007761029728,0.000970146179557928,0.0120502367566143,"Significant","Small","Downregulated","VSMC","With_vs_Naive","Withdrawal","Naive",510,241,269,236,2025-05-28
"Acta2",-0.409301560951622,14.6163649095521,10.5100350195222,0.00126371532177894,0.0148365133633824,"Significant","Small","Downregulated","VSMC","With_vs_Naive","Withdrawal","Naive",510,241,269,236,2025-05-28
"Cox7a2",-0.2637606074565,11.0241884435306,10.4259678352514,0.00132019822301284,0.0148365133633824,"Significant","Small","Downregulated","VSMC","With_vs_Naive","Withdrawal","Naive",510,241,269,236,2025-05-28
"Rps28",-0.235841101871931,11.5190960430186,9.95751771032984,0.00169373635944006,0.0177255652512842,"Significant","Small","Downregulated","VSMC","With_vs_Naive","Withdrawal","Naive",510,241,269,236,2025-05-28
"Vim",-0.363252658756634,12.5282345481874,9.92144561513255,0.00172749152872685,0.0177255652512842,"Significant","Small","Downregulated","VSMC","With_vs_Naive","Withdrawal","Naive",510,241,269,236,2025-05-28
"Wtip",-0.292835150318562,11.5548648742244,9.71618666364736,0.00192648194911148,0.0183823572620109,"Significant","Small","Downregulated","VSMC","With_vs_Naive","Withdrawal","Naive",510,241,269,236,2025-05-28
"Serf2",-0.282742063983147,11.2239156730333,9.64909360102558,0.00199679300384738,0.0183823572620109,"Significant","Small","Downregulated","VSMC","With_vs_Naive","Withdrawal","Naive",510,241,269,236,2025-05-28
"Cox7c",-0.250701171365048,11.3609839535677,9.62268904095838,0.00202517495259442,0.0183823572620109,"Significant","Small","Downregulated","VSMC","With_vs_Naive","Withdrawal","Naive",510,241,269,236,2025-05-28
"Rgs4",-0.36994648896267,11.4743269382398,9.45677990869491,0.00221417725646137,0.0193535493527735,"Significant","Small","Downregulated","VSMC","With_vs_Naive","Withdrawal","Naive",510,241,269,236,2025-05-28
"Atp1a2",-0.372412107838632,11.8781276822994,9.07844590353575,0.00271245051227851,0.0228620828892046,"Significant","Small","Downregulated","VSMC","With_vs_Naive","Withdrawal","Naive",510,241,269,236,2025-05-28
"Ubc",-0.262690924363925,11.6391602371802,8.98938660953839,0.00284408584297214,0.023144974446256,"Significant","Small","Downregulated","VSMC","With_vs_Naive","Withdrawal","Naive",510,241,269,236,2025-05-28
"Atp5l",-0.247128912617346,11.0702239645048,8.40995482506539,0.00388792115953536,0.0305849797883448,"Significant","Small","Downregulated","VSMC","With_vs_Naive","Withdrawal","Naive",510,241,269,236,2025-05-28
"Tpm2",-0.351434840057522,13.1742627847195,8.28561209366528,0.00416015883608317,0.0316708866230848,"Significant","Small","Downregulated","VSMC","With_vs_Naive","Withdrawal","Naive",510,241,269,236,2025-05-28
"Sparc",-0.284857368944253,11.2011440067273,7.66490940280389,0.00582935976754927,0.0410729434943792,"Significant","Small","Downregulated","VSMC","With_vs_Naive","Withdrawal","Naive",510,241,269,236,2025-05-28
"Atp5j",-0.242869772596111,10.9770197748897,7.64898802657919,0.00588027286288112,0.0410729434943792,"Significant","Small","Downregulated","VSMC","With_vs_Naive","Withdrawal","Naive",510,241,269,236,2025-05-28
"Ubb",-0.199836848550286,12.6258773822523,7.63750096417571,0.0059172884695292,0.0410729434943792,"Significant","Small","Downregulated","VSMC","With_vs_Naive","Withdrawal","Naive",510,241,269,236,2025-05-28
"Tpt1",-0.212901814525567,12.9222213289214,7.3511914249567,0.00692120597311287,0.0466687031329896,"Significant","Small","Downregulated","VSMC","With_vs_Naive","Withdrawal","Naive",510,241,269,236,2025-05-28
"Cox8a",-0.198770379605741,12.0645424407085,7.06187308072004,0.00811385093680205,0.0531908005857023,"Not Significant","Small","Not Significant","VSMC","With_vs_Naive","Withdrawal","Naive",510,241,269,236,2025-05-28
"Crim1",-0.259674713946933,11.4750180787429,6.81097279607911,0.00931914768855328,0.0568189531643728,"Not Significant","Small","Not Significant","VSMC","With_vs_Naive","Withdrawal","Naive",510,241,269,236,2025-05-28
"Ppp1cb",-0.253291900490064,10.9667668026896,6.79926415494127,0.00937882886638986,0.0568189531643728,"Not Significant","Small","Not Significant","VSMC","With_vs_Naive","Withdrawal","Naive",510,241,269,236,2025-05-28
"Atp5h",-0.233731522156377,11.0225313275094,6.79719307890015,0.00938957276868873,0.0568189531643728,"Not Significant","Small","Not Significant","VSMC","With_vs_Naive","Withdrawal","Naive",510,241,269,236,2025-05-28
"mt-Nd4l",-0.206343140258556,11.865698875807,6.59823470714032,0.0104830111528327,0.0618497658017131,"Not Significant","Small","Not Significant","VSMC","With_vs_Naive","Withdrawal","Naive",510,241,269,236,2025-05-28
"Ptms",-0.202470438721351,11.3104262889453,6.46653374179127,0.0112781374396944,0.0649180594089726,"Not Significant","Small","Not Significant","VSMC","With_vs_Naive","Withdrawal","Naive",510,241,269,236,2025-05-28
"Myl9",-0.290722941968476,13.3758779392355,6.20925988443318,0.0130179772741612,0.0731486342071916,"Not Significant","Small","Not Significant","VSMC","With_vs_Naive","Withdrawal","Naive",510,241,269,236,2025-05-28
"Rpl37a",-0.175938048459666,11.974187406847,6.09309717209553,0.0138883421184982,0.0762243893015248,"Not Significant","Small","Not Significant","VSMC","With_vs_Naive","Withdrawal","Naive",510,241,269,236,2025-05-28
"Itm2b",-0.207436159959577,12.1479206827306,6.03272407574028,0.0143655763842894,0.0770517278793702,"Not Significant","Small","Not Significant","VSMC","With_vs_Naive","Withdrawal","Naive",510,241,269,236,2025-05-28
"Tpm1",-0.250243101262896,13.0361506443858,5.88781052925614,0.0155814644847075,0.0807321379925214,"Not Significant","Small","Not Significant","VSMC","With_vs_Naive","Withdrawal","Naive",510,241,269,236,2025-05-28
"Actg1",-0.203434107187166,11.43529585369,5.80055381460821,0.0163644341310982,0.0807321379925214,"Not Significant","Small","Not Significant","VSMC","With_vs_Naive","Withdrawal","Naive",510,241,269,236,2025-05-28
"Palld",-0.249625268617482,11.4409730680454,5.78199467353135,0.0165382611686065,0.0807321379925214,"Not Significant","Small","Not Significant","VSMC","With_vs_Naive","Withdrawal","Naive",510,241,269,236,2025-05-28
"Crip1",-0.290828189474288,13.9136458908455,5.77632189079524,0.0165922163581042,0.0807321379925214,"Not Significant","Small","Not Significant","VSMC","With_vs_Naive","Withdrawal","Naive",510,241,269,236,2025-05-28
"Atp5a1",-0.207961868572948,11.029062891608,5.75786740259489,0.0167621811933625,0.0807321379925214,"Not Significant","Small","Not Significant","VSMC","With_vs_Naive","Withdrawal","Naive",510,241,269,236,2025-05-28
"Pln",-0.2466809239766,11.8652360206735,5.4547730072845,0.0198938024723118,0.0938987476693119,"Not Significant","Small","Not Significant","VSMC","With_vs_Naive","Withdrawal","Naive",510,241,269,236,2025-05-28
"Lbh",-0.248031239807069,11.0647096141847,5.32477980965293,0.0214119944328181,0.0990829546302954,"Not Significant","Small","Not Significant","VSMC","With_vs_Naive","Withdrawal","Naive",510,241,269,236,2025-05-28
"Rpl38",-0.155705660453618,11.6110004998801,5.0510168171682,0.0250255835900811,0.113577648601137,"Not Significant","Small","Not Significant","VSMC","With_vs_Naive","Withdrawal","Naive",510,241,269,236,2025-05-28
"Mef2c",-0.220763142046231,11.2533858633045,4.91305524106755,0.0270819482739384,0.117914351680084,"Not Significant","Small","Not Significant","VSMC","With_vs_Naive","Withdrawal","Naive",510,241,269,236,2025-05-28
"mt-Nd1",0.142284079632821,13.4652055419842,4.90701450005985,0.0271759167697546,0.117914351680084,"Not Significant","Small","Not Significant","VSMC","With_vs_Naive","Withdrawal","Naive",510,241,269,236,2025-05-28
"Uqcrh",-0.177526837087078,11.2633979483952,4.88761238030583,0.0274800395864603,0.117914351680084,"Not Significant","Small","Not Significant","VSMC","With_vs_Naive","Withdrawal","Naive",510,241,269,236,2025-05-28
"Rpl36",-0.17040361607676,11.5139202451596,4.75648471835433,0.029630831239745,0.124872788796068,"Not Significant","Small","Not Significant","VSMC","With_vs_Naive","Withdrawal","Naive",510,241,269,236,2025-05-28
"Rpl8",-0.162626764195917,11.60355986027,4.64161702264046,0.0316594722906388,0.131081323870013,"Not Significant","Small","Not Significant","VSMC","With_vs_Naive","Withdrawal","Naive",510,241,269,236,2025-05-28
"Rps6",-0.174950428913623,11.3899404330389,4.60990334266285,0.0322447837726453,0.131202913281798,"Not Significant","Small","Not Significant","VSMC","With_vs_Naive","Withdrawal","Naive",510,241,269,236,2025-05-28
"Rps23",-0.152870045726833,12.0452010704842,4.38892112946752,0.0366513984395666,0.146558689307798,"Not Significant","Small","Not Significant","VSMC","With_vs_Naive","Withdrawal","Naive",510,241,269,236,2025-05-28
"Sh3bgrl",-0.215117194082935,10.9455624703999,4.36057977498036,0.0372606837223216,0.146558689307798,"Not Significant","Small","Not Significant","VSMC","With_vs_Naive","Withdrawal","Naive",510,241,269,236,2025-05-28
"Ppp1r12b",-0.209058642158464,10.8963339258415,4.23866136146792,0.0400057022147174,0.154776159388087,"Not Significant","Small","Not Significant","VSMC","With_vs_Naive","Withdrawal","Naive",510,241,269,236,2025-05-28
"H3f3a",-0.155882240906547,11.5372927427112,4.16766262454083,0.0417015987374947,0.15873511777498,"Not Significant","Small","Not Significant","VSMC","With_vs_Naive","Withdrawal","Naive",510,241,269,236,2025-05-28
"Mustn1",-0.207376696721099,11.1937916012887,4.10252530608525,0.0433241957527716,0.161234232071327,"Not Significant","Small","Not Significant","VSMC","With_vs_Naive","Withdrawal","Naive",510,241,269,236,2025-05-28
"Calm1",-0.14590939274964,12.1519657731368,4.08684967489127,0.0437245375108684,0.161234232071327,"Not Significant","Small","Not Significant","VSMC","With_vs_Naive","Withdrawal","Naive",510,241,269,236,2025-05-28
"Filip1l",-0.201321889740791,11.9472005105281,4.00565925765849,0.0458657986243422,0.164869667348104,"Not Significant","Small","Not Significant","VSMC","With_vs_Naive","Withdrawal","Naive",510,241,269,236,2025-05-28
"Naca",-0.166994443637484,11.2829835991269,3.99656630877055,0.0461076188346393,0.164869667348104,"Not Significant","Small","Not Significant","VSMC","With_vs_Naive","Withdrawal","Naive",510,241,269,236,2025-05-28
"Neat1",0.268542367499457,11.1679082577121,3.90125595153003,0.048777838611409,0.16947814340728,"Not Significant","Small","Not Significant","VSMC","With_vs_Naive","Withdrawal","Naive",510,241,269,236,2025-05-28
"Ybx1",-0.167923424233397,11.1758059764028,3.89918531996759,0.0488326853885382,0.16947814340728,"Not Significant","Small","Not Significant","VSMC","With_vs_Naive","Withdrawal","Naive",510,241,269,236,2025-05-28
"mt-Atp6",-0.126684770079054,15.5451472533316,3.82157027857322,0.0511266436277569,0.174867940523922,"Not Significant","Small","Not Significant","VSMC","With_vs_Naive","Withdrawal","Naive",510,241,269,236,2025-05-28
"Ntn4",-0.199329272217712,11.0916026589341,3.72040874114716,0.0542895258258416,0.182141211556326,"Not Significant","Small","Not Significant","VSMC","With_vs_Naive","Withdrawal","Naive",510,241,269,236,2025-05-28
"Rpl24",-0.148915085910998,11.5969237799902,3.70477076841868,0.0547967204258438,0.182141211556326,"Not Significant","Small","Not Significant","VSMC","With_vs_Naive","Withdrawal","Naive",510,241,269,236,2025-05-28
"Aspn",-0.208255748147498,10.9800135062786,3.66302298827849,0.0561755894489293,0.182146010355675,"Not Significant","Small","Not Significant","VSMC","With_vs_Naive","Withdrawal","Naive",510,241,269,236,2025-05-28
"Mcam",-0.201200179837175,11.0058515136793,3.65113574747917,0.0565749254579583,0.182146010355675,"Not Significant","Small","Not Significant","VSMC","With_vs_Naive","Withdrawal","Naive",510,241,269,236,2025-05-28
"Rpl7",-0.144677987073593,11.4565562685095,3.62048371021575,0.0576186485832317,0.182146010355675,"Not Significant","Small","Not Significant","VSMC","With_vs_Naive","Withdrawal","Naive",510,241,269,236,2025-05-28
"Dst",-0.199887435274812,11.1359098788665,3.60744937688516,0.0580686737445166,0.182146010355675,"Not Significant","Small","Not Significant","VSMC","With_vs_Naive","Withdrawal","Naive",510,241,269,236,2025-05-28
"Utrn",-0.204583751844358,11.2293242801481,3.59036807030805,0.0586641032432435,0.182146010355675,"Not Significant","Small","Not Significant","VSMC","With_vs_Naive","Withdrawal","Naive",510,241,269,236,2025-05-28
"mt-Cytb",-0.124900965702797,14.6877149043952,3.5628618679951,0.0596366496225685,0.182146010355675,"Not Significant","Small","Not Significant","VSMC","With_vs_Naive","Withdrawal","Naive",510,241,269,236,2025-05-28
"Rpl41",-0.131209871610428,12.1892870667805,3.54712456576546,0.0602008000328079,0.182146010355675,"Not Significant","Small","Not Significant","VSMC","With_vs_Naive","Withdrawal","Naive",510,241,269,236,2025-05-28
"Actb",-0.167785334041958,14.0087434299918,3.48958279829363,0.0623125401505373,0.182842589771872,"Not Significant","Small","Not Significant","VSMC","With_vs_Naive","Withdrawal","Naive",510,241,269,236,2025-05-28
"Rpl27a",-0.142115889375969,12.159467990757,3.47206789278639,0.0629709250860643,0.182842589771872,"Not Significant","Small","Not Significant","VSMC","With_vs_Naive","Withdrawal","Naive",510,241,269,236,2025-05-28
"Csrp1",-0.201316971231199,11.7095191499813,3.46736545540913,0.063154112631134,0.182842589771872,"Not Significant","Small","Not Significant","VSMC","With_vs_Naive","Withdrawal","Naive",510,241,269,236,2025-05-28
"Cavin1",-0.182412010569003,11.6685123388862,3.45740603723105,0.0635300523783622,0.182842589771872,"Not Significant","Small","Not Significant","VSMC","With_vs_Naive","Withdrawal","Naive",510,241,269,236,2025-05-28
"Rps10",-0.137476892555534,11.7258409242999,3.41207160857569,0.0652831572911686,0.185624399044769,"Not Significant","Small","Not Significant","VSMC","With_vs_Naive","Withdrawal","Naive",510,241,269,236,2025-05-28
"Ckb",-0.173184974787135,12.0683888411676,3.31081272807447,0.0693978546182796,0.193299079486618,"Not Significant","Small","Not Significant","VSMC","With_vs_Naive","Withdrawal","Naive",510,241,269,236,2025-05-28
"Nudt4",-0.177639668021723,11.2585797048798,3.30543328735295,0.0696204311710275,0.193299079486618,"Not Significant","Small","Not Significant","VSMC","With_vs_Naive","Withdrawal","Naive",510,241,269,236,2025-05-28
"Tagln",-0.219504897489113,14.0920336474459,3.24584348641966,0.072184039696588,0.195833644702544,"Not Significant","Small","Not Significant","VSMC","With_vs_Naive","Withdrawal","Naive",510,241,269,236,2025-05-28
"H3f3b",-0.144950831582562,12.0374874100925,3.21907156474527,0.073359698658233,0.195833644702544,"Not Significant","Small","Not Significant","VSMC","With_vs_Naive","Withdrawal","Naive",510,241,269,236,2025-05-28
"Dstn",-0.192482774723988,12.4292053399585,3.21214540461426,0.0736741222252806,0.195833644702544,"Not Significant","Small","Not Significant","VSMC","With_vs_Naive","Withdrawal","Naive",510,241,269,236,2025-05-28
"Rps26",-0.144756208784624,11.2437280573798,3.20804371794224,0.0738525185530782,0.195833644702544,"Not Significant","Small","Not Significant","VSMC","With_vs_Naive","Withdrawal","Naive",510,241,269,236,2025-05-28
"Eif1",-0.139879212166702,12.252471852496,3.07222774654533,0.0802234841743958,0.209230854889083,"Not Significant","Small","Not Significant","VSMC","With_vs_Naive","Withdrawal","Naive",510,241,269,236,2025-05-28
"Fos",-0.229431151118152,13.150901846671,3.06309664829094,0.0806779991309598,0.209230854889083,"Not Significant","Small","Not Significant","VSMC","With_vs_Naive","Withdrawal","Naive",510,241,269,236,2025-05-28
"Ddx5",-0.137850836626902,11.8358597603995,3.00211996752839,0.0837424260231415,0.21481752762458,"Not Significant","Small","Not Significant","VSMC","With_vs_Naive","Withdrawal","Naive",510,241,269,236,2025-05-28
"Tsc22d1",-0.167485564447032,11.5301938871924,2.98425705990686,0.084666385478078,0.214852333041144,"Not Significant","Small","Not Significant","VSMC","With_vs_Naive","Withdrawal","Naive",510,241,269,236,2025-05-28
"Rpl9",-0.123459635102551,11.9936688335098,2.87210521530074,0.0907194477235065,0.227763719816463,"Not Significant","Small","Not Significant","VSMC","With_vs_Naive","Withdrawal","Naive",510,241,269,236,2025-05-28
"Rps16",-0.127761585125278,11.9072748885676,2.83280829935014,0.0929507749388914,0.230909293532404,"Not Significant","Small","Not Significant","VSMC","With_vs_Naive","Withdrawal","Naive",510,241,269,236,2025-05-28
"Ebf1",-0.159365107109292,10.9763427797051,2.69022607504545,0.101563992647005,0.248087032811415,"Not Significant","Small","Not Significant","VSMC","With_vs_Naive","Withdrawal","Naive",510,241,269,236,2025-05-28
"Ndufb9",-0.142365368731947,10.9143900577267,2.67497649278117,0.10253571519586,0.248087032811415,"Not Significant","Small","Not Significant","VSMC","With_vs_Naive","Withdrawal","Naive",510,241,269,236,2025-05-28
"Rps21",-0.118300146057886,12.0974048782164,2.66744807766962,0.103019191591181,0.248087032811415,"Not Significant","Small","Not Significant","VSMC","With_vs_Naive","Withdrawal","Naive",510,241,269,236,2025-05-28
"Rpl23",-0.113997647667631,12.0606101784923,2.64261048317039,0.104632098619666,0.249426012871122,"Not Significant","Small","Not Significant","VSMC","With_vs_Naive","Withdrawal","Naive",510,241,269,236,2025-05-28
"Epas1",-0.170006109221617,11.207555099398,2.62460646034253,0.10581858439096,0.249731859162667,"Not Significant","Small","Not Significant","VSMC","With_vs_Naive","Withdrawal","Naive",510,241,269,236,2025-05-28
"mt-Co2",-0.0968841704729169,14.9381292354318,2.56008978914759,0.110193448300446,0.256473208747977,"Not Significant","Small","Not Significant","VSMC","With_vs_Naive","Withdrawal","Naive",510,241,269,236,2025-05-28
"Ptma",-0.119625219492385,12.5628658698196,2.55067173266354,0.110848590221583,0.256473208747977,"Not Significant","Small","Not Significant","VSMC","With_vs_Naive","Withdrawal","Naive",510,241,269,236,2025-05-28
"Oaz1",-0.14082002157064,11.2129009558403,2.47574331699493,0.116216709305934,0.26392306234821,"Not Significant","Small","Not Significant","VSMC","With_vs_Naive","Withdrawal","Naive",510,241,269,236,2025-05-28
"Ppp1r15a",-0.218028004446492,11.1539284063456,2.47461766655175,0.11630507832294,0.26392306234821,"Not Significant","Small","Not Significant","VSMC","With_vs_Naive","Withdrawal","Naive",510,241,269,236,2025-05-28
"Calm2",-0.112985055190024,11.7267929726045,2.3475267985705,0.126083811025053,0.283388375256309,"Not Significant","Small","Not Significant","VSMC","With_vs_Naive","Withdrawal","Naive",510,241,269,236,2025-05-28
"Gapdh",-0.147516426605778,11.0858568872912,2.28731302249469,0.131036785670157,0.291742277529784,"Not Significant","Small","Not Significant","VSMC","With_vs_Naive","Withdrawal","Naive",510,241,269,236,2025-05-28
"Rplp2",-0.115131630182214,11.5252424081968,2.22898194583689,0.136043286038736,0.3000580888331,"Not Significant","Small","Not Significant","VSMC","With_vs_Naive","Withdrawal","Naive",510,241,269,236,2025-05-28
"Map3k20",-0.149703323785111,11.2611989664508,2.11929016411972,0.146051183077575,0.319148881539886,"Not Significant","Small","Not Significant","VSMC","With_vs_Naive","Withdrawal","Naive",510,241,269,236,2025-05-28
"Nr4a1",-0.186968410581014,11.2813601445382,2.06094611193444,0.151716859248238,0.323946361685615,"Not Significant","Small","Not Significant","VSMC","With_vs_Naive","Withdrawal","Naive",510,241,269,236,2025-05-28
"Ftl1",0.143464578482368,11.3024847946128,2.06057533413234,0.151748118651742,0.323946361685615,"Not Significant","Small","Not Significant","VSMC","With_vs_Naive","Withdrawal","Naive",510,241,269,236,2025-05-28
"Serinc3",-0.136148997602521,11.0231975529636,2.054371849438,0.152364602318234,0.323946361685615,"Not Significant","Small","Not Significant","VSMC","With_vs_Naive","Withdrawal","Naive",510,241,269,236,2025-05-28
"mt-Nd5",0.108755121293466,11.863215732195,2.03898621510131,0.153905895580744,0.324301708545139,"Not Significant","Small","Not Significant","VSMC","With_vs_Naive","Withdrawal","Naive",510,241,269,236,2025-05-28
"Rps11",-0.104775108831749,11.5563464007377,1.97863569715957,0.160125393905894,0.332028261707278,"Not Significant","Small","Not Significant","VSMC","With_vs_Naive","Withdrawal","Naive",510,241,269,236,2025-05-28
"Rps19",-0.106712909022474,11.5923333542648,1.96249331350096,0.161837236919211,0.332028261707278,"Not Significant","Small","Not Significant","VSMC","With_vs_Naive","Withdrawal","Naive",510,241,269,236,2025-05-28
"Flna",-0.136233644783511,11.8581490542224,1.95922024500581,0.162191446615956,0.332028261707278,"Not Significant","Small","Not Significant","VSMC","With_vs_Naive","Withdrawal","Naive",510,241,269,236,2025-05-28
"Map1b",0.14032071138348,11.2867764103025,1.9497785610495,0.163200332025611,0.332028261707278,"Not Significant","Small","Not Significant","VSMC","With_vs_Naive","Withdrawal","Naive",510,241,269,236,2025-05-28
"Selenow",-0.12288613074107,10.9846082886475,1.90507528406388,0.168098286822667,0.339070048633755,"Not Significant","Small","Not Significant","VSMC","With_vs_Naive","Withdrawal","Naive",510,241,269,236,2025-05-28
"Igfbp7",-0.153336697591053,12.597087155565,1.88891116086745,0.169915592771492,0.339831185542983,"Not Significant","Small","Not Significant","VSMC","With_vs_Naive","Withdrawal","Naive",510,241,269,236,2025-05-28
"Cpe",-0.158223311895249,11.4964205934773,1.87337215223335,0.171679659421372,0.340473946415494,"Not Significant","Small","Not Significant","VSMC","With_vs_Naive","Withdrawal","Naive",510,241,269,236,2025-05-28
"Rps29",-0.0930870988031759,12.43929746816,1.83695334354699,0.175890798740713,0.345918570856736,"Not Significant","Small","Not Significant","VSMC","With_vs_Naive","Withdrawal","Naive",510,241,269,236,2025-05-28
"Rps13",-0.110769120698794,11.3029555221777,1.82267132356965,0.177576921542539,0.34634837590115,"Not Significant","Small","Not Significant","VSMC","With_vs_Naive","Withdrawal","Naive",510,241,269,236,2025-05-28
"Rpl5",-0.10664440832265,11.4381181944103,1.804661804287,0.179729844296312,0.34767412503221,"Not Significant","Small","Not Significant","VSMC","With_vs_Naive","Withdrawal","Naive",510,241,269,236,2025-05-28
"Hnrnpa2b1",-0.126329518060644,11.310784129455,1.78835092043958,0.181705849140453,0.348638865017454,"Not Significant","Small","Not Significant","VSMC","With_vs_Naive","Withdrawal","Naive",510,241,269,236,2025-05-28
"Hes1",-0.165564731042845,11.06317228204,1.75414798855843,0.185936694549004,0.353879515431975,"Not Significant","Small","Not Significant","VSMC","With_vs_Naive","Withdrawal","Naive",510,241,269,236,2025-05-28
"Rpl26",-0.0969596316583881,11.9058880412924,1.72234997893055,0.189963842293494,0.358651734250117,"Not Significant","Small","Not Significant","VSMC","With_vs_Naive","Withdrawal","Naive",510,241,269,236,2025-05-28
"Rps25",-0.100222694360164,11.5539818631359,1.70550426249655,0.192141175002788,0.359216410085739,"Not Significant","Small","Not Significant","VSMC","With_vs_Naive","Withdrawal","Naive",510,241,269,236,2025-05-28
"Gnas",-0.0952676373462064,11.6535706022531,1.69657495194891,0.19330713593597,0.359216410085739,"Not Significant","Small","Not Significant","VSMC","With_vs_Naive","Withdrawal","Naive",510,241,269,236,2025-05-28
"Jun",0.162143536242019,11.2590656019571,1.67719865455056,0.195871121495065,0.361137380256525,"Not Significant","Small","Not Significant","VSMC","With_vs_Naive","Withdrawal","Naive",510,241,269,236,2025-05-28
"Rps18",-0.101026283731632,11.4067513513494,1.6268574444002,0.202701898905932,0.370834481719379,"Not Significant","Small","Not Significant","VSMC","With_vs_Naive","Withdrawal","Naive",510,241,269,236,2025-05-28
"Fth1",-0.0940454579666442,13.4629722554605,1.61228491197406,0.20473298748865,0.371669115748626,"Not Significant","Small","Not Significant","VSMC","With_vs_Naive","Withdrawal","Naive",510,241,269,236,2025-05-28
"Rpl15",-0.105319259364909,11.282508659496,1.58296279071349,0.20889326551732,0.375640302975487,"Not Significant","Small","Not Significant","VSMC","With_vs_Naive","Withdrawal","Naive",510,241,269,236,2025-05-28
"Cald1",-0.126675371740598,12.8313461543556,1.57455992770577,0.210103898274425,0.375640302975487,"Not Significant","Small","Not Significant","VSMC","With_vs_Naive","Withdrawal","Naive",510,241,269,236,2025-05-28
"Rps17",-0.102129295715534,11.2260756293453,1.48633041942169,0.223333729648059,0.396291430052196,"Not Significant","Small","Not Significant","VSMC","With_vs_Naive","Withdrawal","Naive",510,241,269,236,2025-05-28
"Ccnd2",-0.12812013697466,11.0009751008874,1.47317139225631,0.225391291588425,0.396957797125883,"Not Significant","Small","Not Significant","VSMC","With_vs_Naive","Withdrawal","Naive",510,241,269,236,2025-05-28
"Actn1",-0.125254514955195,11.0480658883235,1.4247098184853,0.23316839201231,0.407612892703,"Not Significant","Small","Not Significant","VSMC","With_vs_Naive","Withdrawal","Naive",510,241,269,236,2025-05-28
"Gm13889",-0.11747380802698,11.3778569351786,1.37689832318326,0.241161834374044,0.413826082231446,"Not Significant","Small","Not Significant","VSMC","With_vs_Naive","Withdrawal","Naive",510,241,269,236,2025-05-28
"Rpsa",-0.0927845704295845,11.361040004964,1.36909015264875,0.242498736857954,0.413826082231446,"Not Significant","Small","Not Significant","VSMC","With_vs_Naive","Withdrawal","Naive",510,241,269,236,2025-05-28
"Rock1",-0.116206031157253,11.7695673527075,1.34986935928576,0.245832541284606,0.413826082231446,"Not Significant","Small","Not Significant","VSMC","With_vs_Naive","Withdrawal","Naive",510,241,269,236,2025-05-28
"Mylk",-0.127082503425278,12.5500928387212,1.34070919373568,0.24743939164662,0.413826082231446,"Not Significant","Small","Not Significant","VSMC","With_vs_Naive","Withdrawal","Naive",510,241,269,236,2025-05-28
"Jund",-0.117420345631493,11.089981309808,1.33371900167056,0.248669635806166,0.413826082231446,"Not Significant","Small","Not Significant","VSMC","With_vs_Naive","Withdrawal","Naive",510,241,269,236,2025-05-28
"Dusp1",-0.136428135999713,11.2546757800437,1.31894869365731,0.251307725326353,0.413826082231446,"Not Significant","Small","Not Significant","VSMC","With_vs_Naive","Withdrawal","Naive",510,241,269,236,2025-05-28
"Rpl35a",-0.0832272712087185,12.0327723679107,1.31597615066857,0.251837584421308,0.413826082231446,"Not Significant","Small","Not Significant","VSMC","With_vs_Naive","Withdrawal","Naive",510,241,269,236,2025-05-28
"Ppp1r12a",-0.115784823964345,11.7153217489849,1.30378310767126,0.254047486157779,0.413826082231446,"Not Significant","Small","Not Significant","VSMC","With_vs_Naive","Withdrawal","Naive",510,241,269,236,2025-05-28
"Pde5a",-0.126251019487748,10.8990524225423,1.30299296134745,0.254187218114661,0.413826082231446,"Not Significant","Small","Not Significant","VSMC","With_vs_Naive","Withdrawal","Naive",510,241,269,236,2025-05-28
"Junb",-0.136713164601407,11.936010045005,1.30083159064919,0.254586502086146,0.413826082231446,"Not Significant","Small","Not Significant","VSMC","With_vs_Naive","Withdrawal","Naive",510,241,269,236,2025-05-28
"Tinagl1",-0.136190182498247,11.0315084700906,1.28659610460714,0.257196575632216,0.413826082231446,"Not Significant","Small","Not Significant","VSMC","With_vs_Naive","Withdrawal","Naive",510,241,269,236,2025-05-28
"Rps27",-0.0842198740101341,11.717147445202,1.28350778503194,0.257764551220434,0.413826082231446,"Not Significant","Small","Not Significant","VSMC","With_vs_Naive","Withdrawal","Naive",510,241,269,236,2025-05-28
"Rps15a",-0.0856135260635565,11.6509885645658,1.26016639540968,0.262132304642363,0.417994756051336,"Not Significant","Small","Not Significant","VSMC","With_vs_Naive","Withdrawal","Naive",510,241,269,236,2025-05-28
"Cfl1",-0.094669188750686,10.9820259833673,1.19784135119451,0.274255023010435,0.434390506244716,"Not Significant","Small","Not Significant","VSMC","With_vs_Naive","Withdrawal","Naive",510,241,269,236,2025-05-28
"Fermt2",-0.0964969348073317,11.0184356892137,1.14915379200314,0.28421849394499,0.447170430473451,"Not Significant","Small","Not Significant","VSMC","With_vs_Naive","Withdrawal","Naive",510,241,269,236,2025-05-28
"Atp2a2",-0.092480731330361,11.4627586196367,1.1081906683051,0.292959478536323,0.457870443275312,"Not Significant","Small","Not Significant","VSMC","With_vs_Naive","Withdrawal","Naive",510,241,269,236,2025-05-28
"Myh11",-0.12855020840733,13.1964769999638,1.0603912416915,0.303604138504423,0.471385372941078,"Not Significant","Small","Not Significant","VSMC","With_vs_Naive","Withdrawal","Naive",510,241,269,236,2025-05-28
"Rps8",-0.076145967809536,12.3743462450609,1.04922060567828,0.306158018015794,0.472243740207368,"Not Significant","Small","Not Significant","VSMC","With_vs_Naive","Withdrawal","Naive",510,241,269,236,2025-05-28
"Rpl10a",-0.087781465314207,11.158069546232,1.03708887404893,0.308968179827383,0.473483704151055,"Not Significant","Small","Not Significant","VSMC","With_vs_Naive","Withdrawal","Naive",510,241,269,236,2025-05-28
"Rack1",-0.0879323914683745,11.0628625033098,1.02137520845712,0.312658206464598,0.476047333713839,"Not Significant","Small","Not Significant","VSMC","With_vs_Naive","Withdrawal","Naive",510,241,269,236,2025-05-28
"Rps3a1",-0.0737013503028897,12.1265199629436,1.00664829368613,0.316168982772142,0.478306922655292,"Not Significant","Small","Not Significant","VSMC","With_vs_Naive","Withdrawal","Naive",510,241,269,236,2025-05-28
"Sparcl1",-0.0956786583533068,13.4943893521689,0.988592429079431,0.320544313864542,0.480968855657703,"Not Significant","Small","Not Significant","VSMC","With_vs_Naive","Withdrawal","Naive",510,241,269,236,2025-05-28
"Slc25a4",-0.0813638131030298,11.6085138024084,0.982638421673507,0.322004572855581,0.480968855657703,"Not Significant","Small","Not Significant","VSMC","With_vs_Naive","Withdrawal","Naive",510,241,269,236,2025-05-28
"Gadd45b",-0.131358818666579,11.3546244921284,0.969358846206856,0.325298092241126,0.482832388483684,"Not Significant","Small","Not Significant","VSMC","With_vs_Naive","Withdrawal","Naive",510,241,269,236,2025-05-28
"mt-Nd3",-0.0702471587735882,12.8042611878266,0.873997671294032,0.350280411986378,0.516663607679908,"Not Significant","Small","Not Significant","VSMC","With_vs_Naive","Withdrawal","Naive",510,241,269,236,2025-05-28
"Rpl30",-0.0680937616067779,11.9871958560804,0.833716784983898,0.361618759029695,0.530074702677069,"Not Significant","Small","Not Significant","VSMC","With_vs_Naive","Withdrawal","Naive",510,241,269,236,2025-05-28
"Rpl37",-0.0662348868766797,11.9763493835036,0.809868152860971,0.36857150192596,0.536931323793374,"Not Significant","Small","Not Significant","VSMC","With_vs_Naive","Withdrawal","Naive",510,241,269,236,2025-05-28
"Rps5",-0.067831832165229,11.5011641850767,0.767814640634652,0.381294390300304,0.55205813564952,"Not Significant","Small","Not Significant","VSMC","With_vs_Naive","Withdrawal","Naive",510,241,269,236,2025-05-28
"Son",-0.0702698458835872,11.1660406272072,0.694061689559332,0.405164816145854,0.583042052502571,"Not Significant","Small","Not Significant","VSMC","With_vs_Naive","Withdrawal","Naive",510,241,269,236,2025-05-28
"Rpl17",-0.0622466608964251,11.6903791907524,0.653479911848988,0.419237121404279,0.598949123019335,"Not Significant","Small","Not Significant","VSMC","With_vs_Naive","Withdrawal","Naive",510,241,269,236,2025-05-28
"Id3",-0.105375572748855,11.5404120418399,0.647726089179524,0.42129472212377,0.598949123019335,"Not Significant","Small","Not Significant","VSMC","With_vs_Naive","Withdrawal","Naive",510,241,269,236,2025-05-28
"Rpl18",0.0659011516762325,11.3166597426942,0.635592861441476,0.425671329429987,0.601547507457945,"Not Significant","Small","Not Significant","VSMC","With_vs_Naive","Withdrawal","Naive",510,241,269,236,2025-05-28
"Rps24",-0.0599043739219484,12.4579526454977,0.625885276460085,0.429225621632598,0.602959801817221,"Not Significant","Small","Not Significant","VSMC","With_vs_Naive","Withdrawal","Naive",510,241,269,236,2025-05-28
"mt-Nd4",-0.0511023169561496,14.1984768537783,0.609204013267454,0.435439159956462,0.606148722191225,"Not Significant","Small","Not Significant","VSMC","With_vs_Naive","Withdrawal","Naive",510,241,269,236,2025-05-28
"Rps7",-0.0585487727931398,11.5826032735555,0.597131993547137,0.440021868254691,0.606148722191225,"Not Significant","Small","Not Significant","VSMC","With_vs_Naive","Withdrawal","Naive",510,241,269,236,2025-05-28
"Lmod1",-0.0782847841736444,11.207171011359,0.593910691518434,0.441257241630001,0.606148722191225,"Not Significant","Small","Not Significant","VSMC","With_vs_Naive","Withdrawal","Naive",510,241,269,236,2025-05-28
"Nme2",-0.0790577544974434,11.2840710097114,0.592579261966738,0.441769407698689,0.606148722191225,"Not Significant","Small","Not Significant","VSMC","With_vs_Naive","Withdrawal","Naive",510,241,269,236,2025-05-28
"Timp3",-0.0757790659463039,11.8793561532001,0.585682179750517,0.444440132293247,0.606288272954949,"Not Significant","Small","Not Significant","VSMC","With_vs_Naive","Withdrawal","Naive",510,241,269,236,2025-05-28
"Itgb1",-0.0695484838326748,11.635210934852,0.561190346456896,0.454116275912105,0.61294564072124,"Not Significant","Small","Not Significant","VSMC","With_vs_Naive","Withdrawal","Naive",510,241,269,236,2025-05-28
"Eef2",-0.0681020638230071,11.1359117407208,0.560199495704828,0.454514775958546,0.61294564072124,"Not Significant","Small","Not Significant","VSMC","With_vs_Naive","Withdrawal","Naive",510,241,269,236,2025-05-28
"Rpl32",-0.0533709292450332,11.5056007364283,0.526833507382169,0.468264349013236,0.624491394831448,"Not Significant","Small","Not Significant","VSMC","With_vs_Naive","Withdrawal","Naive",510,241,269,236,2025-05-28
"Rps14",-0.0527543951098672,12.0609593831733,0.526586635298825,0.468368546123586,0.624491394831448,"Not Significant","Small","Not Significant","VSMC","With_vs_Naive","Withdrawal","Naive",510,241,269,236,2025-05-28
"Malat1",-0.0641485474540502,17.2154144668439,0.518617007800488,0.471755857630319,0.625474058431209,"Not Significant","Small","Not Significant","VSMC","With_vs_Naive","Withdrawal","Naive",510,241,269,236,2025-05-28
"Slc38a2",-0.0745541192878084,11.0329250930753,0.441780792095152,0.5065557994255,0.66786127745485,"Not Significant","Small","Not Significant","VSMC","With_vs_Naive","Withdrawal","Naive",510,241,269,236,2025-05-28
"Atp1b1",0.0607322904591245,11.0996776602084,0.418616642790684,0.517910674451844,0.679038439836862,"Not Significant","Small","Not Significant","VSMC","With_vs_Naive","Withdrawal","Naive",510,241,269,236,2025-05-28
"Apoe",0.11792009910469,12.585405123543,0.409903959087881,0.522306051688599,0.679047928593622,"Not Significant","Small","Not Significant","VSMC","With_vs_Naive","Withdrawal","Naive",510,241,269,236,2025-05-28
"Rpl22",-0.0547424455917876,11.1282874311833,0.402917709081834,0.52586256304253,0.679047928593622,"Not Significant","Small","Not Significant","VSMC","With_vs_Naive","Withdrawal","Naive",510,241,269,236,2025-05-28
"mt-Co3",-0.0387113805891029,15.4236001352205,0.394112343231855,0.530418408071183,0.679047928593622,"Not Significant","Small","Not Significant","VSMC","With_vs_Naive","Withdrawal","Naive",510,241,269,236,2025-05-28
"Cox4i1",-0.042065263280854,11.7181535455659,0.391794506967246,0.531629444078007,0.679047928593622,"Not Significant","Small","Not Significant","VSMC","With_vs_Naive","Withdrawal","Naive",510,241,269,236,2025-05-28
"Fau",0.0431586139021987,12.0292147952762,0.390506588344081,0.532304520295847,0.679047928593622,"Not Significant","Small","Not Significant","VSMC","With_vs_Naive","Withdrawal","Naive",510,241,269,236,2025-05-28
"Zfp36l1",0.0617466127064849,11.5218552384484,0.352937602167062,0.552712731096727,0.701291422251761,"Not Significant","Small","Not Significant","VSMC","With_vs_Naive","Withdrawal","Naive",510,241,269,236,2025-05-28
"Phldb2",0.0587456360537428,11.0508755566069,0.337775692645791,0.561365180288615,0.708460869241247,"Not Significant","Small","Not Significant","VSMC","With_vs_Naive","Withdrawal","Naive",510,241,269,236,2025-05-28
"Tmsb4x",0.0501431598250124,12.9267195225188,0.316412949996614,0.574011259320922,0.720567325530519,"Not Significant","Small","Not Significant","VSMC","With_vs_Naive","Withdrawal","Naive",510,241,269,236,2025-05-28
"Zfhx3",-0.0566212884650376,11.1779434925516,0.301446141025183,0.583210484371923,0.725935782611323,"Not Significant","Small","Not Significant","VSMC","With_vs_Naive","Withdrawal","Naive",510,241,269,236,2025-05-28
"Rps20",-0.0419354927918819,11.708342036697,0.299481809828002,0.584439824983692,0.725935782611323,"Not Significant","Small","Not Significant","VSMC","With_vs_Naive","Withdrawal","Naive",510,241,269,236,2025-05-28
"Rpl23a",-0.0445158040623255,11.296407051839,0.261106636977815,0.609575537481332,0.753192810709918,"Not Significant","Small","Not Significant","VSMC","With_vs_Naive","Withdrawal","Naive",510,241,269,236,2025-05-28
"Rpl21",-0.0366751725181842,12.0956718823296,0.242046456174386,0.622937431514197,0.765693926236201,"Not Significant","Small","Not Significant","VSMC","With_vs_Naive","Withdrawal","Naive",510,241,269,236,2025-05-28
"Macf1",-0.0511294238295411,11.0477569487842,0.237031012188018,0.626561777509685,0.766158442965211,"Not Significant","Small","Not Significant","VSMC","With_vs_Naive","Withdrawal","Naive",510,241,269,236,2025-05-28
"mt-Co1",-0.0289432160347617,14.7993868284637,0.211954856008926,0.64542997789668,0.780782432893047,"Not Significant","Small","Not Significant","VSMC","With_vs_Naive","Withdrawal","Naive",510,241,269,236,2025-05-28
"Egr1",0.056405232997311,12.1042257023097,0.210758446098621,0.64636546574816,0.780782432893047,"Not Significant","Small","Not Significant","VSMC","With_vs_Naive","Withdrawal","Naive",510,241,269,236,2025-05-28
"Btg2",0.0502911281452475,11.7493357897132,0.199826453577794,0.655046874110927,0.780782432893047,"Not Significant","Small","Not Significant","VSMC","With_vs_Naive","Withdrawal","Naive",510,241,269,236,2025-05-28
"Rpl7a",0.039677310342515,11.0097110058366,0.196502535248354,0.657741300378818,0.780782432893047,"Not Significant","Small","Not Significant","VSMC","With_vs_Naive","Withdrawal","Naive",510,241,269,236,2025-05-28
"Ppia",-0.0328513156952768,12.0360520321387,0.195888162004967,0.658242620479959,0.780782432893047,"Not Significant","Small","Not Significant","VSMC","With_vs_Naive","Withdrawal","Naive",510,241,269,236,2025-05-28
"Zbtb20",-0.0449152134963055,11.1596039731623,0.195730248353555,0.658371627736086,0.780782432893047,"Not Significant","Small","Not Significant","VSMC","With_vs_Naive","Withdrawal","Naive",510,241,269,236,2025-05-28
"mt-Nd2",-0.0291238191418985,13.9790519741993,0.191536671126566,0.661820569785617,0.780948272347028,"Not Significant","Small","Not Significant","VSMC","With_vs_Naive","Withdrawal","Naive",510,241,269,236,2025-05-28
"Cst3",0.046148079554231,13.3994379136987,0.186954540829201,0.665640910104577,0.781548531267066,"Not Significant","Small","Not Significant","VSMC","With_vs_Naive","Withdrawal","Naive",510,241,269,236,2025-05-28
"Sorbs2",-0.0438743853291814,11.8576186028562,0.163586661154013,0.686041717851133,0.801514086202314,"Not Significant","Small","Not Significant","VSMC","With_vs_Naive","Withdrawal","Naive",510,241,269,236,2025-05-28
"Cd81",-0.0334797799325693,11.2074342234315,0.158607819623369,0.69060328782064,0.802868846924488,"Not Significant","Small","Not Significant","VSMC","With_vs_Naive","Withdrawal","Naive",510,241,269,236,2025-05-28
"Rpl28",-0.027753504668664,11.6020256760462,0.153525564166309,0.695347585186452,0.802969887919375,"Not Significant","Small","Not Significant","VSMC","With_vs_Naive","Withdrawal","Naive",510,241,269,236,2025-05-28
"Rps27a",-0.0278215091980305,11.8723312080884,0.15125651250479,0.697495029760474,0.802969887919375,"Not Significant","Small","Not Significant","VSMC","With_vs_Naive","Withdrawal","Naive",510,241,269,236,2025-05-28
"Rpl19",-0.0268076639169994,11.8634943207312,0.139800899575448,0.70862985536035,0.808630535451301,"Not Significant","Small","Not Significant","VSMC","With_vs_Naive","Withdrawal","Naive",510,241,269,236,2025-05-28
"Rplp0",-0.0320627937116244,11.3642858873096,0.139030708993825,0.709396896618578,0.808630535451301,"Not Significant","Small","Not Significant","VSMC","With_vs_Naive","Withdrawal","Naive",510,241,269,236,2025-05-28
"Rps2",-0.0293160801503411,11.4235501430459,0.135750265343592,0.712691319380808,0.808630535451301,"Not Significant","Small","Not Significant","VSMC","With_vs_Naive","Withdrawal","Naive",510,241,269,236,2025-05-28
"Rpl13a",-0.0269435457506673,11.7151253814281,0.131069095628965,0.717471688598385,0.810159418704397,"Not Significant","Small","Not Significant","VSMC","With_vs_Naive","Withdrawal","Naive",510,241,269,236,2025-05-28
"Fosb",0.0431999561348428,11.3168166021172,0.12258239037406,0.726391985059937,0.816326230829262,"Not Significant","Small","Not Significant","VSMC","With_vs_Naive","Withdrawal","Naive",510,241,269,236,2025-05-28
"Rpl11",-0.0248707537684987,11.3445451682456,0.101372191355796,0.750315639805814,0.839215597128778,"Not Significant","Small","Not Significant","VSMC","With_vs_Naive","Withdrawal","Naive",510,241,269,236,2025-05-28
"Rps12",0.0207587785710207,11.9749277399533,0.0826788013028147,0.773812851437964,0.861414306317734,"Not Significant","Small","Not Significant","VSMC","With_vs_Naive","Withdrawal","Naive",510,241,269,236,2025-05-28
"Rps3",-0.0226222580567482,11.5792966615294,0.0798440418602331,0.777620150267024,0.861588523300552,"Not Significant","Small","Not Significant","VSMC","With_vs_Naive","Withdrawal","Naive",510,241,269,236,2025-05-28
"Rpl39",-0.0180537406022401,11.6574709917857,0.0572608126138987,0.810972236945904,0.894343214575856,"Not Significant","Small","Not Significant","VSMC","With_vs_Naive","Withdrawal","Naive",510,241,269,236,2025-05-28
"Lpp",0.0227624295930978,10.9474215805501,0.0511984111290547,0.82107891376995,0.894708706128308,"Not Significant","Small","Not Significant","VSMC","With_vs_Naive","Withdrawal","Naive",510,241,269,236,2025-05-28
"Rps4x",-0.0171028894584448,11.6905949805168,0.0508466253151881,0.821684256764229,0.894708706128308,"Not Significant","Small","Not Significant","VSMC","With_vs_Naive","Withdrawal","Naive",510,241,269,236,2025-05-28
"Rplp1",0.0152072388822804,12.3684434894526,0.0502724237676659,0.822677073007809,0.894708706128308,"Not Significant","Small","Not Significant","VSMC","With_vs_Naive","Withdrawal","Naive",510,241,269,236,2025-05-28
"Rpl14",0.0167485921103811,11.2746384969083,0.0468108070155174,0.828792635191044,0.897225054610488,"Not Significant","Small","Not Significant","VSMC","With_vs_Naive","Withdrawal","Naive",510,241,269,236,2025-05-28
"Ndufa4",-0.0181022759627087,11.005011406549,0.0414377342346928,0.838774132005077,0.90388445275433,"Not Significant","Small","Not Significant","VSMC","With_vs_Naive","Withdrawal","Naive",510,241,269,236,2025-05-28
"Eef1a1",0.0150593690726269,12.7663812808,0.0364132785556055,0.848738263336323,0.908610386989798,"Not Significant","Small","Not Significant","VSMC","With_vs_Naive","Withdrawal","Naive",510,241,269,236,2025-05-28
"Rpl13",-0.0131066402875148,12.3947791742535,0.0341271383657125,0.853507924519314,0.908610386989798,"Not Significant","Small","Not Significant","VSMC","With_vs_Naive","Withdrawal","Naive",510,241,269,236,2025-05-28
"Rpl10",-0.0156344694532676,11.530936599142,0.0310576408985754,0.860179757143115,0.908610386989798,"Not Significant","Small","Not Significant","VSMC","With_vs_Naive","Withdrawal","Naive",510,241,269,236,2025-05-28
"Rps15",-0.0129346063989355,11.5607647065553,0.0304629385820305,0.861511195277836,0.908610386989798,"Not Significant","Small","Not Significant","VSMC","With_vs_Naive","Withdrawal","Naive",510,241,269,236,2025-05-28
"Dbi",0.0213657529803692,11.2666899065588,0.0283680988343658,0.866311686256777,0.908610386989798,"Not Significant","Small","Not Significant","VSMC","With_vs_Naive","Withdrawal","Naive",510,241,269,236,2025-05-28
"Syne2",0.017485467635497,10.9500040676025,0.0276249415562286,0.868057575153747,0.908610386989798,"Not Significant","Small","Not Significant","VSMC","With_vs_Naive","Withdrawal","Naive",510,241,269,236,2025-05-28
"Rpl27",0.0121186514318363,11.3940878685811,0.0267645471059045,0.870109946863112,0.908610386989798,"Not Significant","Small","Not Significant","VSMC","With_vs_Naive","Withdrawal","Naive",510,241,269,236,2025-05-28
"Rpl18a",-0.0108604017208527,11.5042280444226,0.0198877993260603,0.887904946882886,0.923108226715247,"Not Significant","Small","Not Significant","VSMC","With_vs_Naive","Withdrawal","Naive",510,241,269,236,2025-05-28
"Pde3a",-0.014451854554222,11.1785544918317,0.0182321488946071,0.892642652686161,0.923963447517254,"Not Significant","Small","Not Significant","VSMC","With_vs_Naive","Withdrawal","Naive",510,241,269,236,2025-05-28
"Rpl3",0.00762257080449985,11.3552279389151,0.010114230732453,0.919930547210852,0.948050694942188,"Not Significant","Small","Not Significant","VSMC","With_vs_Naive","Withdrawal","Naive",510,241,269,236,2025-05-28
"Tns1",0.00580705437248839,11.0666874863687,0.00445459610604532,0.946811880768862,0.96940943511064,"Not Significant","Small","Not Significant","VSMC","With_vs_Naive","Withdrawal","Naive",510,241,269,236,2025-05-28
"Rpl12",0.00494038644657089,11.2909047955269,0.00411588158928408,0.948871099621007,0.96940943511064,"Not Significant","Small","Not Significant","VSMC","With_vs_Naive","Withdrawal","Naive",510,241,269,236,2025-05-28
"Rpl34",-0.00307705039570274,11.6687940059526,0.00154904752600065,0.96861996208342,0.982946549875016,"Not Significant","Small","Not Significant","VSMC","With_vs_Naive","Withdrawal","Naive",510,241,269,236,2025-05-28
"Sept7",-0.00321472793252388,11.0094547186392,0.00137342265415843,0.970451466613893,0.982946549875016,"Not Significant","Small","Not Significant","VSMC","With_vs_Naive","Withdrawal","Naive",510,241,269,236,2025-05-28
"Rpl6",0.00229534828551134,11.4765842428374,0.000936803449831537,0.975594386679418,0.98393280024078,"Not Significant","Small","Not Significant","VSMC","With_vs_Naive","Withdrawal","Naive",510,241,269,236,2025-05-28
"Rps9",-0.00147877447182068,11.6233170198413,0.000353072756942283,0.985015580658668,0.986124326949308,"Not Significant","Small","Not Significant","VSMC","With_vs_Naive","Withdrawal","Naive",510,241,269,236,2025-05-28
"Morf4l1",-0.00185825202509615,11.2106249329315,0.000302750723643969,0.986124326949308,0.986124326949308,"Not Significant","Small","Not Significant","VSMC","With_vs_Naive","Withdrawal","Naive",510,241,269,236,2025-05-28
